operator, total count, category (0=domain specific, 1=control flow, 2=file content handling, 3=file handling, 4=code execution (e.g. conda, python, rscript ..), 5=data handling (e.g. wget), 6=misc, 7=noise, 8=under 10 count)
echo, 857, 6
samtools, 773, 0
mkdir, 588, 3
set, 509, 4
python, 495, 4
rm, 457, 3
&1, 391, 7
cut, 386, 2
mv, 378, 3
sed, 351, 2
cat, 344, 2
2, 302, 7
awk, 297, 2
if, 288, 1
Rscript, 285, 4
grep, 259, 2
cd, 258, 3
bcftools, 252, 0
qiime, 250, 0
bedtools, 225, 0
fi, 224, 1
touch, 203, 3
wget, 193, 5
conda, 185, 4
cp, 183, 3
gzip, 177, 5
for, 165, 1
python3, 138, 4
done, 138, 1
export, 135, 4
sort, 132, 2
gatk, 131, 0
perl, 120, 4
bgzip, 118, 5
else, 111, 1
fastqc, 110, 0
bwa, 104, 0
zcat, 103, 5
&2, 101, 7
tr, 100, 2
gunzip, 99, 5
ln, 95, 3
tabix, 94, 0
r, 90, 6
&, 85, 7
module, 85, 4
paste, 83, 2
1, 82, 7
multiqc, 72, 0
exec, 67, 2
R, 67, 6
source, 67, 4
[, 65, 7
pigz, 63, 5
head, 61, 2
wc, 52, 2
STAR, 52, 6
vcftools, 52, 0
uniq, 51, 2
picard, 48, 0
(, 47, 7
do, 47, 1
bash, 47, 6
while, 47, 1
tail, 46, 2
curl, 46, 5
tar, 46, 5
pygna, 45, 6
trim_galore, 41, 0
seqtk, 39, 0
java, 39, 4
&&, 39, 7
bowtie2, 38, 0
tee, 37, 2
minimap2, 35, 0
/, 34, 7
), 33, 7
exit, 33, 6
augur, 32, 0
rbt, 31, 6
/dev/null, 30, 6
+, 30, 7
bedextract, 30, 0
then, 29, 1
salmon, 28, 0
featureCounts, 27, 0
cutadapt, 27, 0
., 26, 7
bowtie2-build, 25, 0
macs2, 25, 0
bamCoverage, 25, 0
elif, 25, 1
hisat2, 24, 0
ls, 24, 6
snakemake, 23, 4
dot, 23, 6
find, 23, 2
bismark_methylation_extractor, 22, 0
checkm, 22, 0
gsutil, 22, 6
md5sum, 22, 6
mmseqs, 22, 0
stringtie, 21, 0
kallisto, 21, 0
plink, 21, 6
git, 20, 6
singularity, 19, 6
mothur, 19, 0
config[VENV_DIR], 19, 6
trimmomatic, 18, 0
cpan, 18, 6
);, 17, 7
$(basename, 16, 7
rsync, 15, 3
infer_experiment.py, 15, 6
bam_stat.py, 15, 0
read_GC.py, 15, 6
plotHeatmap, 15, 6
fastp, 15, 0
biom, 15, 0
abricate, 15, 0
sourmash, 15, 0
done;, 15, 1
gffread, 14, 0
=, 14, 7
sh, 14, 6
diamond, 14, 6
read_distribution.py, 14, 6
true, 14, 6
xargs, 14, 6
pushd, 14, 3
read_duplication.py, 13, 6
computeMatrix, 13, 6
seqkit, 13, 0
g, 13, 7
rio, 13, 6
bismark, 12, 0
metawrap, 12, 0
spades.py, 12, 6
unzip, 12, 5
multiBamSummary, 12, 0
junction_saturation.py, 12, 6
inner_distance.py, 12, 6
printf, 12, 6
NanoPlot, 12, 0
rev, 12, 2
smc++, 12, 6
hamronize, 12, 6
^.*/, 12, 7
L=$(less, 12, 7
], 12, 7
junction_annotation.py, 11, 6
$CAT, 11, 6
pore_c, 11, 0
bwa-mem2, 10, 0
bedGraphToBigWig, 10, 6
gtdbtk, 10, 0
megahit, 10, 0
gffcompare, 10, 0
chmod, 10, 6
zgrep, 10, 5
fi;, 10, 1
/bin/rm, 10, 3
&1;, 10, 7
0, 10, 7
kraken2, 10, 0
sleep, 10, 1
name=$(echo, 10, 7
N=$(less, 10, 7
test, 10, 6
INPUT={input}, 10, 6
cooler, 9
isoseq3, 9
date, 9
imctools, 9
/ilastik-release/bin/python, 9
metabat2, 9
add_descriptions.py, 9
xvfb-run, 9
}}, 9
$len;, 9
reformat.sh, 8
eval, 8
wd=$(pwd), 8
jgi_summarize_bam_contig_depths, 8
docker, 8
ulimit, 8
parallel_cmd=, 8
parallel_cmd=parallel, 8
qualimap, 8
mafft, 8
local, 8
fsampleID=$(echo, 8
var=$(echo, 8
g);, 8
sambamba, 8
OUTPUT={output}, 8
scripts/join_tables.py, 8
UNFINISHED_GENOME, 8
RepeatMasker, 7
rmdir, 7
emapper.py, 7
blastn, 7
plotCorrelation, 7
hisat2-build, 7
header.html;, 7
prodigal, 7
[[, 7
zip, 7
parallel, 7
split, 7
porechop, 7
2.0, 7
bismark_genome_preparation, 7
fpython3, 7
groot, 7
metaphlan, 7
rgi, 7
umi_tools, 7
expIslDir={params.isl_dir}/{wildcards.accession}/{params.organism}, 7
merfishtools, 7
OUTPUT={output.bam}, 7
NanoStat, 7
results_report={params.resultsreport}, 7
.format(**config), 7
scripts/tomat.py, 7
int, 7
float, 7
FILES=$(echo, 7
sortBed, 6
dRep, 6
hmmpress, 6
fasterq-dump, 6
HiC-Pro, 6
iqtree, 6
Attribute, 6
O={output.bam}, 6
sniffles, 6
SURVIVOR, 6
mosdepth, 6
parallel_cmd=$([[, 6
f, 6
canu, 6
function, 6
freebayes, 6
I={input.bam}, 6
30.0, 6
=NF;i++)if($i, 6
m)m=$i;print, 6
CAT=cat;, 6
log, 6
python2, 6
contacts, 6
check_tsv_data_file_not_empty_of_data, 6
sudo, 6
fio, 6
sickle, 6
jupyter, 6
f{{wildcards.model}}, 6
smorfer.sh, 6
prokka, 5
blobtools, 5
hmmscan, 5
Trinity, 5
egrep, 5
CAT, 5
shuf, 5
//g, 5
concoct, 5
fasttree, 5
vsearch, 5
phyloFlash.pl, 5
flye, 5
LC_ALL=C, 5
WC1=$(zcat, 5
WC2=$(zcat, 5
vep, 5
samblaster, 5
prefix={params.output_dir}, 5
0), 5
/data/bin/cellranger-atac, 5
refgenie, 5
ivar, 5
data/tmp, 5
make, 5
sampleID=$(echo, 5
samp=$(echo, 5
models, 5
2]//, 5
sbatch, 5
antsApplyTransforms, 5
geneNameFile=$(, 5
amm, 5
$decoratedFile.swp, 5
decoratedFileLength=$(wc, 5
decorate_if_exists, 5
CREATE_INDEX=true, 5
Trinotate, 5
julia, 5
Fasta_to_Scaffolds2Bin.sh, 5
ktImportText, 5
annotation={params[0]}, 5
annotation={params[2]}, 5
coverage2cytosine, 5
Min, 5
f{{wildcards.dataset}}, 5
pbmm2, 4
repair.sh, 4
prefetch, 4
dmesg, 4
sample=$(echo, 4
contigtax, 4
taxmapper, 4
check_directory, 4
\t, 4
mem_per_job=$(expr, 4
!DOCTYPE, 4
Filter, 4
I={input}, 4
fastq-dump, 4
20, 4
temp.html;, 4
delly, 4
gtf2bed, 4
$0, 4
lra, 4
megalodon, 4
/p;2~4p, 4
0){{print, 4
bbduk.sh, 4
mawk, 4
scripts/summarize-table.py, 4
DIRNAME=$(mktemp, 4
\tsmc++, 4
./{input.bin}, 4
numactl, 4
vt, 4
input_accessions={input.accessions}, 4
multiBigwigSummary, 4
NanoFilt, 4
sys.path[0], 4
40.0, 4
&2), 4
GTDBTK_DATA_PATH={GTDBTK_DATA_PATH}, 4
callpeak, 4
../../{output.vcf}, 4
init_template, 4
reg_to_template, 4
update_template, 4
src/aggregate_previous_sctensor.sh, 4
src/aggregate_sctensor.sh, 4
src/plot_auc.sh, 4
src/plot_aucpr.sh, 4
src/plot_f.sh, 4
src/plot_mcc.sh, 4
src/plot_fpr.sh, 4
src/plot_fnr.sh, 4
src/plot_pr.sh, 4
src/plot_time.sh, 4
src/plot_memory.sh, 4
src/plot_LR.sh, 4
quast, 4
ktImportTaxonomy, 4
merge_metaphlan_tables.py, 4
bc, 4
alignments, 4
IFS=$\, 4
NR==1, 4
OUTFMT=$OUTFMT, 4
0.05, 4
fastq_to_fasta, 4
set.dir(output={params.outdir});, 4
SORT_ORDER=queryname, 4
\tmkdir, 4
yes, 4
$(readlink, 4
bowtie, 4
nanopolish, 4
GENOME.fasta, 4
HRIBO/scripts/generate_excel_overview.py, 4
Genrich, 4
fastq-sort, 4
twoBitToFa, 4
variantcalling={params[0]}, 4
debug={params[2]}, 4
annotation={params[1]}, 4
SV={params[0]}, 4
MEI={params[1]}, 4
script, 4
kreport2mpa.py, 4
taxon_nametreads, 4
scripts/area_plot.py, 4
scripts/KrakenTools/kreport2krona.py, 4
est_abundance.py, 4
add_to_queries, 4
$import_versions, 4
genome=$(echo, 4
ngd, 4
rnew=$(echo, 4
VALIDATION_STRINGENCY=SILENT, 4
R={input.ref}, 4
VALIDATION_STRINGENCY=LENIENT, 4
6_viewBS/inputfiles.txt, 4
fpython, 4
coverm, 3
gtfToGenePred, 3
genePredToBed, 3
scp, 3
crimson, 3
true), 3
$TMPDIR/fasta/db.fasta, 3
bbmap.sh, 3
plotCoverage, 3
findMotifsGenome.pl, 3
download-db.sh, 3
amrfinder, 3
?xml, 3
Query, 3
Dataset, 3
/Dataset, 3
/Query, 3
palin_mode=$(grep, 3
cellranger, 3
100, 3
hisat2_extract_exons.py, 3
hisat2_extract_splice_sites.py, 3
CTG_PREFIX=$(basename, 3
vamb, 3
mysql, 3
blastp, 3
cuteSV, 3
You, 3
MODE={params.mode}, 3
TAXON_LEVELS=(2, 3
picrust2_pipeline.py, 3
$1\, 3
Unassigned, 3
//, 3
htseq-count, 3
temp.txt, 3
1{{print}}, 3
10, 3
plot-vcfstats, 3
nofiles=$(ls, 3
base64, 3
slang=$(egrep, 3
mix_files=, 3
nolines=$(cat, 3
mix_files=-m, 3
papermill, 3
a=$(basename, 3
REMOVE_DUPLICATES=true, 3
print, 3
mash, 3
~/bin/SEACR/SEACR_1.3.sh, 3
3.0, 3
60.0, 3
200.0, 3
MarkDuplicates, 3
HaplotypeCaller, 3
bamtools, 3
%$//g, 3
$4, 3
maxVal)), 3
bc), 3
O={output}, 3
M={log}, 3
snpEff, 3
plotPCA, 3
stdbuf, 3
makeblastdb, 3
src/plot_auc_eachcci.sh, 3
src/plot_auc_merge.sh, 3
src/plot_aucpr_eachcci.sh, 3
src/plot_aucpr_merge.sh, 3
src/plot_f_eachcci.sh, 3
src/plot_f_merge.sh, 3
src/plot_mcc_eachcci.sh, 3
src/plot_mcc_merge.sh, 3
src/plot_fpr_eachcci.sh, 3
src/plot_fpr_merge.sh, 3
src/plot_fnr_eachcci.sh, 3
src/plot_fnr_merge.sh, 3
src/plot_pr_eachcci.sh, 3
src/plot_pr_merge.sh, 3
src/plot_time_merge.sh, 3
src/plot_memory_merge.sh, 3
true;, 3
wb_command, 3
run_MaxBin.pl, 3
rev), 3
src/scripts/Fasta_to_Scaffolds2Bin.sh, 3
DAS_Tool, 3
idvar=$(echo, 3
grid, 3
clean(r, 3
clean(, 3
freyja, 3
OUTFMT=6, 3
ionice, 3
AverageImages, 3
.05, 3
CENT=0, 3
CENT=$(grep, 3
../bcmap, 3
busco, 3
analyticsFile={wildcards.accession}-analytics.tsv, 3
expType={params.exp_type}, 3
PATH=$PATH:{workflow.basedir}/atlas-analysis/differential, 3
mktemp_dir, 3
idf_filename=$(perl, 3
hmmsearch, 3
SVL12K_DF, 3
`, 3
pilon, 3
0.5, 3
ngmlr, 3
basta, 3
SnpSift, 3
$F[$r];}}, 3
eff_size=$(awk, 3
nbatch=$(ls, 3
iter={config[interval.iter]}, 3
samp={config[interval.samp]}, 3
bpen={config[bpen]}, 3
bpen{bpen}.res_noheader.txt, 3
popd, 3
../../../{log.std}, 3
lofreq, 3
debug={params[1]}, 3
format={params[0]}, 3
paired={params[2]}, 3
STR={params[0]}, 3
genotype={params[1]}, 3
sha256sum, 3
tools/rename_multifasta_prefix.py, 3
threads={threads}, 3
flair.py, 3
segments=--segments, 3
sequenza-utils, 3
deduplicate_bismark, 3
string, 3
humann2_join_tables, 3
ribotricer, 3
O={output.stats}, 3
DEDUPLICATE_BISMARK, 3
/biodata/irg/grp_stich/Hv-DRR-pop/bin/bismark_v0.20.0/Bismark/bismark2summary, 3
STAR_lane1_map1_logfile.log, 2
ccs, 2
OUTPUT=$(dirname, 2
bismark2report, 2
bismark2summary, 2
filter_non_conversion, 2
temp.gtf;, 2
scripts/rename_multifasta_prefix.py, 2
real=$(realpath, 2
${{TMPDIR}}/merged.bed, 2
gmst.pl, 2
base=$(basename, 2
$TMPDIR/fasta/taxonmap, 2
transabyss, 2
transabyss-merge, 2
max_mem=$(({params.cpumem}, 2
riana, 2
run_dbcan.py, 2
/opt/deepvariant/bin/run_deepvariant, 2
dv_make_examples.py, 2
dv_call_variants.py, 2
dv_postprocess_variants.py, 2
scripts/prepend_labels.sh, 2
logs/validate_bed_file/bedtools_merge.log;, 2
!, 2
configureStrelkaGermlineWorkflow.py, 2
/usr/local/bin/HiC-Pro_3.1.0/bin/utils/sparseToDense.py, 2
geneBody_coverage.py, 2
Saccharomyces_cerevisiae.R64-1-1.ncrna.fa, 2
]/, 2
nextalign, 2
run_gubbins.py, 2
bamPEFragmentSize, 2
bamCompare, 2
PairSeq.py, 2
ParseHeaders.py, 2
filename={wildcards.ss_file};, 2
from_build=$(echo, 2
select=$[$(wc, 2
beaglew, 2
={wildcards.maf}, 2
={params.maf_upper}, 2
temp;, 2
demuxlet, 2
continue, 2
lastdb, 2
lastal, 2
medaka_consensus, 2
./bwa-0.7.17/bwa, 2
catfishq, 2
vcfsort, 2
bgziptabix, 2
log/{wildcards.sample}_qc.err, 2
log/{wildcards.sample}_minimap_hpv.err, 2
log/{wildcards.sample}_minimap_sort_hpv.err, 2
log/{wildcards.sample}_minimap_index_hpv.err, 2
run_pepper_margin_deepvariant, 2
log/{wildcards.sample}_minimap.err, 2
log/{wildcards.sample}_minimap_sort.err, 2
log/{wildcards.sample}_minimap_index.err, 2
log/{wildcards.sample}_qc_hpv.err, 2
./make-lineage-csv.py, 2
$2\, 2
=d),(?=d)//g, 2
get_species_taxids.sh, 2
=NF;X++){{OUT=OUT, 2
Unassigned_[0-9]*, 2
Unass)^, 2
){{seq=seq+1;print, 2
1{{print, 2
swarm, 2
Scripts/stampa_merge.py, 2
fold, 2
15), 2
bzcat, 2
vcffilter, 2
tombo, 2
rmats.py, 2
tail_start=1, 2
tail_start=2, 2
docjoin, 2
header=$(head, 2
cargo, 2
BERGSTROEM2020/{wildcards.population}/{wildcards.individual}_mt.sam, 2
cellranger-dna, 2
whatshap, 2
which, 2
maxThreads={threads}, 2
useGrid=false, 2
return, 2
if($3, 2
outdir=$(dirname, 2
$1, 2
psql, 2
plotFingerprint, 2
nanoQC, 2
PYTHONPATH={INDIC_NLP}, 2
50, 2
filename=`basename, 2
snippy, 2
INPUT={input.ubam}, 2
FASTQ=/dev/stdout, 2
INTERLEAVE=true, 2
NON_PF=true, 2
MergeBamAlignment, 2
SortSam, 2
SetNmMdAndUqTags, 2
GenomicsDBImport, 2
GatherVcfsCloud, 2
IndexFeatureFile, 2
bamcov, 2
cairosvg, 2
binary=giashard, 2
binary=~/go/bin/giashard, 2
mix_files=$(mktemp, 2
$mix_files, 2
nolines_txt=$($CAT, 2
total_nolines=$(echo, 2
Check, 2
fastq_screen, 2
bedops, 2
^:,, 2
preseq, 2
tracy, 2
nanoq, 2
vulcan, 2
faSize, 2
TEMPDIR=$(mktemp, 2
aMGSIM, 2
fcoolpup.py, 2
blastx, 2
=1, 2
impute2, 2
src/groundtruth.sh, 2
src/plot_groundtruth.sh, 2
src/previous_sctensor.sh, 2
src/sctensor.sh, 2
src/roc_auc_bin_f.sh, 2
src/plot_roc_auc_f.sh, 2
src/plot_prc_aucpr_mcc.sh, 2
src/plot_tr.sh, 2
${{OUTDIR}}/${{SAMPLE}}/${{SAMPLE}}_${{DIRECTION}}.fastq, 2
:::, 2
hisat2_index, 2
cd-hit-est, 2
blat, 2
gemma, 2
in1={input.fq1}, 2
out1={output.fq1P}, 2
ref=data/00adapters/truseq.fa.gz, 2
longstitch, 2
bbcountunique.sh, 2
cut_up_fasta.py, 2
concoct_coverage_table.py, 2
merge_cutup_clustering.py, 2
extract_fasta_bins.py, 2
mapDamage, 2
bracken, 2
$vcf_text, 2
metaphlan_hclust_heatmap.py, 2
scripts/gtfParser, 2
kmerresistance, 2
srst2, 2
ariba, 2
t_coffee, 2
hmmbuild, 2
;, 2
$var.bin., 2
concoct_bins.stats;, 2
metabat_bins.stats;, 2
maxbin_bins.stats;, 2
refined_bins.stats;, 2
concoct.checkm, 2
metabat.checkm, 2
maxbin.checkm, 2
refined.checkm, 2
reassembled_bins.stats;, 2
reassembled.checkm, 2
g), 2
abundance.stats, 2
)_*.xml, 2
samples.txt, 2
update_database, 2
metaWRAP, 2
memote, 2
paths, 2
dependencies, 2
extract_barcodes_path, 2
settings, 2
30nt),, 2
pangolin, 2
cas_data, 2
plink2, 2
read_analysis.py, 2
simulator.py, 2
bin/singleCellPipe, 2
/){{print}}else{{chomp;print, 2
PREFIX=`echo, 2
nnUNet_plan_and_preprocess, 2
nnUNet_train, 2
nnUNet_predict, 2
fslmerge, 2
ITK_GLOBAL_DEFAULT_NUMBER_OF_THREADS={threads}, 2
c3d, 2
MERIDA_ILP, 2
tmpdir=qc/fastqc/{wildcards.patient}-{wildcards.sample_type}.tmp, 2
analyticsFile=$(grep, 2
qcExitCode=$?, 2
get_methods_from_irap, 2
decoratedFile={output.decoexpression}, 2
decoratedFile=`echo, 2
ae_dir=$(perl, 2
mirbase_dir=$(perl, 2
expPath=$(pwd), 2
organism={params.organism}, 2
arrayDesignFile=$(get_arraydesign_file, 2
geneNameFile=${{expPath}}/mature.accession.tsv.aux, 2
$geneNameFile, 2
geneNameFile=$(get_geneNameFile_given_organism, 2
organism=$(get_organism_from_condensed_sdrf, 2
gff_file=$(, 2
./interproscan.sh, 2
e, 2
logs/rseqc/rseqc_junction_annotation, 2
workflow/scripts/expression_analysis/extractFromBAM_RegionBed_WPS_Cov.py, 2
set.seed(seed={wildcards.seed});, 2
set.current(processors={resources.procs});, 2
workflowname, 2
blank).+, 2
nextclade, 2
ANNOTATIONS_FILE={input.annot}, 2
TagBamWithReadSequenceExtended, 2
SUMMARY={output.summary}, 2
BASE_QUALITY={params.base_qual}, 2
NUM_BASES_BELOW_QUALITY={params.bases_below_qual}, 2
BASE_RANGE={params.base_range}, 2
BARCODED_READ=1, 2
OUTPUT_SUMMARY={output.summary}, 2
MISMATCHES={params.mismatches}, 2
NUM_BASES={params.num_bases}, 2
data/{wildcards.sample}/logs, 2
INPUT={input.bam}, 2
EukRep, 2
EMBL_dat_to_Trinotate_sqlite_resourceDB.pl, 2
LOAD_swissprot_blastp, 2
LOAD_pfam, 2
LOAD_swissprot_blastx, 2
TransDecoder.LongOrfs, 2
TransDecoder.Predict, 2
ILLUMINACLIP:{config[trimmomatic][ILLUMINACLIP]}, 2
LEADING:{config[trimmomatic][LEADING]}, 2
TRAILING:{config[trimmomatic][TRAILING]}, 2
results/{config[PROJECT]}/runs/{config[RUN]}/, 2
+config_path+, 2
gb, 2
+scripts_dir+/jaspar2motif.py, 2
t/;, 2
brew, 2
tmpdir=qc/fastqc/.{wildcards.sample_id}.tmp, 2
burn={config[ldhat.burn]}, 2
coal_sizes=$(echo, 2
xvf, 2
`#-B, 2
`#-j, 2
`#-z, 2
`#-E, 2
`#-c, 2
out/FinalOutput/out.clean, 2
./src/454/bin/sffinfo, 2
guppy_basecaller, 2
humann_databases, 2
shell:gatk, 2
read_fast5_basecaller.py, 2
glsearch36, 2
!seen[$1,$2]++, 2
ALIGNER={params.aligner}, 2
metaquast.py, 2
scripts/rcbbc, 2
workflow/scripts/fasta_to_nexus.py, 2
exome={params[1]}, 2
bed={params[3]}, 2
filter_string={params[4]}, 2
debug={params[5]}, 2
variantcalling={params[1]}, 2
expansion={params[0]}, 2
ExpansionHunter, 2
alsgenescanner={params[3]}, 2
SV={params[2]}, 2
alsgenescanner={params[0]}, 2
alignment_report={params.alignmentreport}, 2
sequencing_report={params.sequencingreport}, 2
calls_report={params.callsreport}, 2
expansion={params[1]}, 2
sort-bed, 2
./gffread/gffread, 2
transcripts.fasta, 2
transcripts.gff3, 2
gappa, 2
/usr/bin/time, 2
metaspades.py, 2
pid=$!, 2
/dev/null;do, 2
ps, 2
vistasoft_path}));, 2
jsonInfo=jsondecode(fileread({input.params_file}));, 2
BIDS_dir},, 2
preprocessed_reoriented,, 2
../{log}, 2
fasta_generate_regions.py), 2
freebayes-parallel, 2
fasta_generate_regions.py, 2
virsorter, 2
tools/filter_checkv.py, 2
configureStrelkaSomaticWorkflow.py, 2
INPUT={input.vcf}, 2
OUTPUT={output.vcf}, 2
NEW_SAMPLE_NAME={params.sample}\, 2
merge_kallisto.R, 2
zpca-tpm, 2
alfa, 2
bbsplit.sh, 2
options, 2
gtf=--gtf, 2
output=--outfileName, 2
zless, 2
cnvkit.py, 2
scripts/KrakenTools/combine_kreports.py, 2
reads_1.fastq, 2
in={input}, 2
out={output}, 2
in1={input.read1}, 2
in2={input.read2}, 2
strainphlan, 2
scripts/preprocessing_summary.py, 2
fslmaths, 2
reg_resample, 2
parts=(${{tmp//@/, 2
sum(samples.origin, 2
RUN_TRIMMING, 2
TRIM_5_ONLY, 2
align_trim, 2
medaka, 2
longshot, 2
Choose, 2
Kmer, 2
abyss-pe, 2
]/s/[^ATGCatgc]/N/g, 2
humann2_databases, 2
mpa2_table-v2.7.7.txt, 2
humann2_renorm_table, 2
gedi, 2
RiboReport/scripts/concatGFF.py, 2
sc=$(, 2
sp=$(, 2
add_to_dbs, 2
align_fa, 2
results/AMOEBAE_Data, 2
results, 2
find_redun_seqs, 2
csv_to_fasta, 2
tckmap, 2
alphainput=({input.alphainput}), 2
len=${{#alphainput[@]}}, 2
betainput=({input.betainput}), 2
len=${{#column[@]}}, 2
pcoainput=({input.pcoainput}), 2
len=${{#pcoainput[@]}}, 2
hhblits, 2
$(for, 2
done), 2
trap, 2
out_dir=$(dirname, 2
import_versions=$out_dir/import_versions.tsv, 2
db=$(echo, 2
version=$(echo, 2
abs=$(readlink, 2
$TMPDIR/import_versions, 2
in_dir=$(dirname, 2
inStrain, 2
pbsv, 2
gatk3, 2
45, 2
QUAL, 2
TMP_DIR={params.tmp}, 2
SORT_ORDER=coordinate, 2
ASSUME_SORTED=true, 2
I=/dev/stdin, 2
SO=coordinate, 2
rose-dt, 2
rose-dt-plot.py, 2
251831106, 2
ref, 2
NC_012920.1, 2
ann_solo, 2
\t{BISMARK}, 2
/biodata/irg/grp_stich/Hv-DRR-pop/bin/bismark_v0.20.1/Bismark/bam2nuc, 2
/biodata/irg/grp_stich/Hv-DRR-pop/bin/bismark_v0.20.1/Bismark/coverage2cytosine, 2
1_trimmed_reads/cat, 2
=n;, 2
.join(, 2
[fpython, 2
iu-gen-configs, 1
iu-filter-quality-minoche, 1
infile_$proj_name.tx, 1
STAR_init_map1_logfile.log, 1
lima, 1
\tcp, 1
\tCodes/generate_bootstrap_alignments.py, 1
Codes/extract_two_copy_genes.py, 1
\trm, 1
Codes/count_sequence_patterns.py, 1
Codes/make_fate_network.py, 1
Codes/cluster_fates.R, 1
ALL_TCG_GENES=`cat, 1
CHECK_PRESENCE=`grep, 1
Codes/cluster_bootstraps.py, 1
Codes/measure_recurrence_prevalence.py, 1
Codes/find_recurrent_quartets.sh, 1
Codes/measure_recurrence_magnitude.sh, 1
check.out, 1
fastx_renamer, 1
fastx_reverse_complement, 1
scripts/cmseq.sh, 1
https://www.gnu.org/licenses/, 1
kneaddata_database, 1
kneaddata, 1
mkfifo, 1
/dev/stdin, 1
${{TMPDIR}}/sorted.bam, 1
${{TMPDIR}}/sorted.bed, 1
${{TMPDIR}}/minus.bed, 1
${{TMPDIR}}/plus.bed, 1
${{TMPDIR}}/overlaps.bed, 1
${{TMPDIR}}/subtracted.bed, 1
gff2bed, 1
prerapsearch, 1
download_eggnog_data.py, 1
$TMPDIR/fasta/tm.map, 1
files=$(cat, 1
genome_id=$(echo, 1
new_id=$(grep, 1
$TMPDIR/fasta/jgi.map, 1
$TMPDIR/fasta/refseq.map, 1
$TMPDIR/fasta/taxonmap.1, 1
$TMPDIR/fasta/taxonmap.2, 1
summary, 1
/usr/local/bin/HiC-Pro_3.1.0/bin/utils/digest_genome.py, 1
LC_ALL=C;, 1
crypt4gh, 1
pizzly, 1
envs/ecc_caller/generate_bam_file.sh, 1
envs/ecc_caller/call_ecc_regions.sh, 1
envs/ecc_caller/assign_confidence.sh, 1
$FILE.new, 1
$1==track), 1
wigToBigWig, 1
plotProfile, 1
\xe2\x80\x93regionsLabel, 1
\t-g, 1
\t-w, 1
/,, 1
WC=`wc, 1
N_LINES=`echo, 1
odir=01qc/{wildcards.sample}_fastqc, 1
bam2wig.py, 1
img=$(readlink, 1
IMAGEPATH, 1
:${{img}}:, 1
https://ndownloader.figshare.com/files/2194841, 1
pattern=$(echo, 1
url=ftp://ftp.sra.ebi.ac.uk/vol1/fastq, 1
sample={wildcards.sample}, 1
parallel_jobs=$((, 1
bit-summarize-assembly, 1
eukcc, 1
working_dir=$(pwd), 1
${{CONDA_PREFIX}}/etc/conda/activate.d/set_env_vars.sh, 1
GTDBTK_DATA_PATH={params.gtdbtk_db_dir}, 1
${{working_dir}}/{log}, 1
={params.min_unk}, 1
amrfinder_update, 1
download-antismash-databases, 1
antismash, 1
run]}/6hrPlevPt/, 1
M={output.metrics}, 1
ascp, 1
genomeCoverageBed, 1
AssemblePairs.py, 1
CollapseSeq.py, 1
SplitSeq.py, 1
ratio=$(grep, 1
velocyto, 1
prepare_receptor4.py, 1
obabel, 1
fcd, 1
59, 1
15, 1
working, 1
estimate_degree, 1
estimate_degree_vs_true), 1
germlinew, 1
gzvcf2plink, 1
maskSegments, 1
ibd2degree, 1
muscle, 1
clustalo, 1
unassigned, 1
img, 1
pandoc, 1
html, 1
link, 1
/head, 1
body, 1
/body, 1
/html, 1
data/genome.fa, 1
shred, 1
dag.svg;, 1
rulegraph.svg, 1
tiddit, 1
genefuse, 1
$ANNOTSV/bin/AnnotSV, 1
samplot, 1
mergeBed, 1
outdir=`echo, 1
list.samples, 1
pedsim, 1
ibis, 1
.*//, 1
qapa, 1
biotype_1020, 1
display_label_1074, 1
cctyper, 1
filter_blast_m8.py, 1
mcl, 1
vcfutils.pl, 1
./Parsnp-Linux64-v1.2/parsnp, 1
harvesttools-Linux64-v1.2/harvesttools, 1
log/index_lra.err, 1
log/{wildcards.sample}_lra_map.err, 1
log/{wildcards.sample}_sv_call.err, 1
log/{wildcards.sample}_depth.err, 1
log/{wildcards.sample}_sort_vcf.err, 1
log/{wildcards.sample}_index_vcf.err, 1
log/{wildcards.sample}_pmd_hpv.err, 1
log/{wildcards.sample}_pmd.err, 1
log/index_lra_hpv.err, 1
log/{wildcards.sample}_lra_map_hpv.err, 1
log/{wildcards.sample}_sv_call_hpv.err, 1
log/{wildcards.sample}_depth_hpv.err, 1
log/{wildcards.sample}_sort_vcf_hpv.err, 1
log/{wildcards.sample}_index_vcf_hpv.err, 1
log/{wildcards.sample}_basic.err, 1
log/{wildcards.sample}_model.err, 1
log/{wildcards.sample}_basic_bam_sort1.err, 1
log/{wildcards.sample}_basic_bam_index1.err, 1
log/{wildcards.sample}_basic_bam_sort3.err, 1
log/{wildcards.sample}_basic_bam_index3.err, 1
log/{wildcards.sample}_model_based_bam_sort1.err, 1
log/{wildcards.sample}_model_based_bam_index1.err, 1
log/{wildcards.sample}_model_based_bam_sort3.err, 1
log/{wildcards.sample}_model_based_bam_index3.err, 1
log/{wildcards.sample}_basic_hpv.err, 1
log/{wildcards.sample}_model_hpv.err, 1
log/{wildcards.sample}_basic_bam_sort1_hpv.err, 1
log/{wildcards.sample}_basic_bam_index1_hpv.err, 1
log/{wildcards.sample}_basic_bam_sort3_hpv.err, 1
log/{wildcards.sample}_basic_bam_index3_hpv.err, 1
log/{wildcards.sample}_model_based_bam_sort1_hpv.err, 1
log/{wildcards.sample}_model_based_bam_index1_hpv.err, 1
log/{wildcards.sample}_model_based_bam_sort3_hpv.err, 1
log/{wildcards.sample}_model_based_bam_index3_hpv.err, 1
frm, 1
ver=$(python, 1
&1), 1
path1=$(echo, 1
FQ1=`echo, 1
FQ2=`echo, 1
out=`echo, 1
Scripts/init_sample.sh, 1
Scripts/init_sample_SE.sh, 1
Scripts/init_sample_dmx.sh, 1
Scripts/init_sample_dmx_SE.sh, 1
0;i--){{k=substr(seq,i,1);rc=rc, 1
+str(config[dada2_taxonomy][db]), 1
+str(config[dada2_taxonomy][add_sps][add]), 1
+str(config[dada2_merge][minOverlap]), 1
+str(config[UNPAIRED_DATA_PIPELINE]), 1
=NF;i++){{header=headert$i}};print, 1
=NF;, 1
p, 1
=p;, 1
=NR;, 1
1){{tax=$2;for(i=3;i, 1
=NF;i++){{tax=tax;$i}};h[$1]=tax;}}next;}}, 1
mapp=, 1
degapseq, 1
1){{h[$1]=$2;}}next}}{{if(FNR, 1
1){{print, 1
Morphology_main.py, 1
barrnap, 1
analyze_blastPlus_topHit_coverage.pl, 1
gtf2bed.pl, 1
/c8000xd3/rnaseq-heath/bin/samtools, 1
~/anaconda2/envs/py35/bin/seqtk, 1
miRNA, 1
/exon/, 1
Name, 1
/gene_id/, 1
RPB, 1
0.1, 1
AC, 1
extractSplitReads_BwaMem, 1
~/harddisk/BIO_TOOl/lumpy-sv/scripts/extractSplitReads_BwaMem, 1
DNA-HD753-50ng_S8_L001.splitters.unsorted.bam, 1
lumpyexpress, 1
0.7, 1
raven, 1
multi_to_single_fast5, 1
deepsignal, 1
racon_wrapper, 1
dipdiff.py, 1
VcfFilter, 1
VcfSort, 1
/home/caspar/miniconda3/bin/truvari, 1
scripts/count-circrna.py, 1
scripts/parse-pileup.py, 1
scripts/infer-apa.py, 1
URL=$(python3, 1
e,, 1
print(url), 1
exit(e)), 1
$DIRNAME/my-crawler-beans.cxml, 1
RUNTIME=0, 1
RUNTIME=$((RUNTIME+5)), 1
CAT=$([[, 1
giashard_bin=$([[, 1
initial_nolines=$(zcat, 1
output={output}, 1
filter_command=cat, 1
para_nolines=$(cat, 1
^p-1s-1$, 1
output={params.tmp_translations_file}, 1
filter_command=python3, 1
$output, 1
n_after=$(zcat, 1
header=src_urlttrg_urltsrc_docttrg_doc, 1
header=src_urlttrg_urltsrc_textttrg_texttsrc_translated, 1
text_fields=$(head, 1
value=/dev/null, 1
first=0, 1
sort_flags=$(cat, 1
models/smc/bootstrap_input/{params.population}.{params.distind}_rep, 1
bmtagger.sh, 1
chrM, 1
log/{wildcards.patient}_medalt_patient.err, 1
log/{wildcards.patient}_cyto.err, 1
log/{wildcards.patient}_node_cyto.err, 1
log/{wildcards.patient}_header_node_cyto.err, 1
src/ensemble_prediction_pipeline/ensemble.sh, 1
/opt/deepvariant/bin/make_examples, 1
/opt/deepvariant/bin/call_variants, 1
/opt/deepvariant/bin/postprocess_variants, 1
fq, 1
fasta, 1
fastq, 1
gz), 1
sam, 1
cram), 1
yak, 1
hifiasm, 1
$2_hap1\, 1
mapped/{wildcards.sample}.filtered.bam, 1
I={input.aln_a}, 1
O={output.aln_clean}, 1
M={output.aln_clean_txt}, 1
./, 1
shell:\t, 1
wtdbg2.pl, 1
miniasm, 1
lftp, 1
CrossMap.py, 1
URL=http://hgdownload.soe.ucsc.edu/goldenPath/hg19/liftOver/hg19ToHg38.over.chain.gz, 1
SNPsplit_genome_preparation, 1
exitcode=$?, 1
biotype, 1
ref/PlasmoDB-52_{wildcards.genome}.2.gff.gz, 1
coco, 1
O={output.bam_dedup}, 1
alignmentSieve, 1
log/{wildcards.sample}_freddie_split.err, 1
log/{wildcards.sample}_freddie_segment.err, 1
log/{wildcards.sample}_freddie_cluster.err, 1
log/{wildcards.sample}_freddie_isoforms.err, 1
log/{wildcards.sample}_gffread2.err, 1
log/{wildcards.sample}_freddie_split_hpv.err, 1
log/{wildcards.sample}_freddie_segment_hpv.err, 1
log/{wildcards.sample}_freddie_cluster_hpv.err, 1
log/{wildcards.sample}_freddie_isoforms_hpv.err, 1
log/{wildcards.sample}_gffread2_hpv.err, 1
bonito, 1
log/{wildcards.sample}_basecall.err, 1
log/{wildcards.sample}_stringtie.err, 1
log/{wildcards.sample}_gffread.err, 1
log/{wildcards.sample}_stringtie_hpv.err, 1
log/{wildcards.sample}_gffread_hpv.err, 1
unset, 1
input_accessions={input.baseline_accessions}, 1
tools/bestMash.py, 1
ref=$(grep, 1
tools/parse_dnadiff.py, 1
counts=$(ls, 1
gunc, 1
chrom=$(basename, 1
out=$outdir/$chrom.vcf.gz, 1
$f, 1
output_file, 1
params=list(out_prefix, 1
modality, 1
feature, 1
input, 1
integrated, 1
output, 1
bedToBam, 1
workflow/report/replacement_notice.txt, 1
corMMapMerSize=10, 1
corOverlapper=minimap, 1
corConcurrency={params.concurrency}, 1
cormhapConcurrency={params.concurrency}, 1
cormmapConcurrency={params.concurrency}, 1
obtmmapConcurrency={params.concurrency}, 1
utgmmapConcurrency={params.concurrency}, 1
redConcurrency={params.concurrency}, 1
ovbConcurrency={params.concurrency}, 1
ovsConcurrency={params.concurrency}, 1
oeaConcurrency={params.concurrency}, 1
PAIR=`dirname, 1
WDIR={EXPT_DIR}/$PAIR, 1
SRC=${{PAIR:0:2}}, 1
TGT=${{PAIR:3:2}}, 1
50:, 1
tgt_file={input[1]}/`basename, 1
align_file={output}/`basename, 1
$align_file, 1
split_file={output[0]}/`basename, 1
$txt_file, 1
P, 1
$/d, 1
$split_file;, 1
$split_file, 1
snippy-core, 1
snp-sites, 1
exitcode=$?;, 1
GenotypeGVCFs, 1
FastTree, 1
https://api.anaconda.org/package/bioconda/{wildcards.package}, 1
%ht%aNt%aI, 1
recipes/*), 1
bioconda-utils, 1
recipes, 1
../{output}, 1
neato, 1
./{input.bam}, 1
./{params.out_prefix}, 1
./{output.mbias}, 1
OT=$(cut, 1
OB=$(cut, 1
scripts/mosdepth_to_x_coverage.py, 1
tantan, 1
DP, 1
70, 1
Kleb.variants.vcf.gz, 1
={params.maxFragmentSize}, 1
scale-regions, 1
bedClip, 1
condition, 1
%, 1
plotEnrichment, 1
genomes/sizes.genome, 1
tracks/annotation-woGenes.gtf;, 1
tracks/annotation-woGenes.gtf, 1
tracks/annotation.bed, 1
tracks/annotation.bed6;, 1
tracks/annotationScore.bed6;, 1
logs/python_script.log, 1
CreateSequenceDictionary, 1
REFERENCE={input.genome_fa}, 1
OUTPUT={output.dict}, 1
salmon_idx_from_not_gencode, 1
kb, 1
data/NanoQ/PCNQ_read.fastq.gz, 1
report/NanoQ/report.txt, 1
graphmap, 1
scripts/Chunk_dataframe.sh, 1
CPC2/bin/CPC2.py, 1
transeq, 1
scripts/tmhmm.sh, 1
scripts/parallel_gmap.sh, 1
REPORT=assembly_report.txt, 1
convert, 1
/dev/null;, 1
results/SIMresults/aggregatepsd.txt, 1
results/SIMresults/aggregatedoseresponse.txt, 1
FrameBot, 1
raxmlHPC, 1
{params.ilastik_loc}, 1
fchromosight, 1
ftail, 1
f-d, 1
fawk, 1
v1.10.0/bio/cooltools/genome/gc, 1
gaas_fasta_splitter.pl, 1
transposonPSI.pl, 1
gaas_fasta_removeSeqFromIDlist.pl, 1
ProtExcluder.pl, 1
tophat2, 1
output/surfmorph/labels/participants.tsv, 1
cellranger-atac, 1
src/cellcellsimulate.sh, 1
src/{wildcards.othermethod}.sh, 1
src/plot_tr_eachcci.sh, 1
src/preprocess_{wildcards.sample}.sh, 1
src/labelpermutation.sh, 1
src/labelpermutation2.sh, 1
src/halpern.sh, 1
src/cabelloaguilar.sh, 1
src/report.sh, 1
merged.fna, 1
af, 1
f(gdown, 1
ISEXCEL={params.isExcel}, 1
1{{print($5,$2)}}, 1
breseq, 1
../../{input.r1}, 1
../../{log}, 1
all_freebayes_genomes.fa, 1
pdflatex, 1
ciftify_clean_img, 1
trimmed, 1
ktUpdateTaxonomy.sh, 1
kraken2-inspect, 1
krakefaction, 1
logs/salmon_path, 1
config.dat, 1
scripts/extract_RGI_fasta.py, 1
scripts/read_count_bam.pl, 1
seed.fasta, 1
TMPNME=$(set, 1
/dev/urandom, 1
out/assembly/{wildcards.assembler}/{wildcards.sample}/{wildcards.sample}.binning/scaffolds.1000.bam, 1
metabat, 1
rev);, 1
out/assembly/{wildcards.assembler}/{wildcards.sample}/{wildcards.sample}.binning/contigs_10K.fna, 1
out/assembly/{wildcards.assembler}/{wildcards.sample}/{wildcards.sample}.binning/clustering_merged.csv, 1
minimumsize=50000, 1
actualsize=$(wc, 1
$file), 1
./src/scripts/BUSCO.sh, 1
out/human/{wildcards.sample}/{wildcards.sample}.mito.sai, 1
out/human/{wildcards.sample}/{wildcards.sample}.mito.bam, 1
out/human/{wildcards.sample}/{wildcards.sample}.auto.sai, 1
out/human/{wildcards.sample}/{wildcards.sample}.auto.bam, 1
out/human/{wildcards.sample}/{wildcards.sample}.auto.idxstats, 1
contDeam.pl, 1
schmutzi.pl, 1
/apps/schmutzi/20171024/alleleFreqMT/eurasian/freqs/, 1
log2fasta, 1
callHaplogroups.py, 1
angsd, 1
./src/scripts/haplogrep, 1
blast2rma, 1
out/taxonomic_classifications/metaphlan/{wildcards.sample}/merged_abundance_table.txt, 1
clade, 1
count=$(zgrep, 1
merge=$(zgrep, 1
dedup=$(zgrep, 1
mito=$(samtools, 1
auto=$(samtools, 1
interproscan.sh, 1
assign_genome_properties.pl, 1
RNAfold, 1
ShortStack, 1
A=$(cat, 1
a=$(cat, 1
ITSx, 1
pairtools, 1
pairix, 1
refgenome, 1
classifier, 1
shell:#has, 1
merger, 1
/usr/local/bin/manta/bin/configManta.py, 1
whamg, 1
OLD_HEADER=$(bcftools, 1
CONTIGS_HEADER=$(grep, 1
ID=, 1
}}), 1
vcf_text=$(bgzip, 1
FILEDATE=$(grep, 1
$vcf_text), 1
sum=$(grep, 1
^ID), 1
kraken-biom, 1
NR, 1
fcurl, 1
resfinder.py, 1
./helper_scripts/download_known_PETases.py, 1
./helper_scripts/run_hmm_search_iteratively.py, 1
focal=$(echo, 1
mapping=$(echo, 1
$(find, 1
GTDBTk.stats, 1
binID=$(echo, 1
smetana.all, 1
less, 1
media.txt, 1
ll, 1
media.txt;, 1
sampleMedia.stats, 1
gemID=$(echo, 1
id=$(echo, 1
roary, 1
create_pan_genome_plots.R, 1
carve, 1
$(echo, 1
smetana, 1
motus, 1
PLEK, 1
nslices=`fslval, 1
cohorts, 1
trimgalore., 1
config[paths][dependencies][medestrand_path], 1
sample_array=({input.all_stats}), 1
sample_array=({input.all_amp_cov}), 1
amp_dep_array=({input.amp_dep_plots}), 1
cov_array=({input.cov_plots}), 1
all_plots=(${{amp_dep_array[@]}}, 1
1), 1
uniq), 1
demixed_array=({input.all_demixed}), 1
bcl-convert, 1
prinseq++, 1
sample_array=({input.consensus_files}), 1
sample_array=({input.masked_consensus_files}), 1
bam_array=({input.sample_bams}), 1
newName=$(echo, 1
/){{print, 1
newName;}}, 1
evaluate, 1
spoa, 1
ts, 1
NR==2, 1
AF=1, 1
results/{wildcards.file}.out.vcf.gz, 1
slim, 1
$_$_, 1
,++$j,\, 1
/;print, 1
={params.num}, 1
/){{$id=$_}}else{{@t=split(/_/,$id);$s=$_;$d=$t[5];if, 1
/;$_=substr($_,1);@t=split(/_/);$d=$t[1]+$L-$t[1]%$L;print, 1
DB=`echo, 1
last-train, 1
last-split, 1
antsRegistration, 1
MultiplyImages, 1
AverageAffineTransformNoRigid, 1
fbowtie2-build, 1
jellyfish, 1
fbowtie2, 1
sam2pairwise, 1
$each;, 1
L, 1
Lnoflip), 1
cmake, 1
polca.sh, 1
smoove, 1
percentile_ranks=(, 1
accession, 1
_, 1
arraydesign, 1
generate_differential_tracks, 1
annotationFile=$(find_properties_file_gsea, 1
pvalColNum=$(get_contrast_colnum, 1
log2foldchangeColNum=$(get_contrast_colnum, 1
plotTitle=, 1
Top, 1
Fisher-exact,, 1
0.1), 1
generate_baseline_tracks, 1
metrictype=tpm, 1
metrictype=fpkm, 1
deseq2version=none, 1
transcriptFile=$(, 1
decoratedFile={params.decotranscripts}, 1
deseq2version=`cat, 1
3.32.0, 1
target=, 1
arrayDataType=$(perl, 1
target=../../affymetrix-differential-analytics-methods.tsv, 1
target=../../onecolour-microarray-differential-analytics-methods.tsv, 1
target=../../twocolour-microarray-differential-analytics-methods.tsv, 1
target=../../onecolour-mirna-microarray-differential-analytics-methods.tsv, 1
target=../../twocolour-mirna-microarray-differential-analytics-methods.tsv, 1
decorate_if_exists_norm, 1
copy_experiment_from_analysis_to_atlas_exps, 1
get_magetab_for_experiment, 1
rename_files_baseline, 1
rename_files_differential, 1
prot_exp_type=experimentType=proteomics_baseline, 1
organism=$(perl, 1
DIR=$line, 1
organism_check=$(echo, 1
$organism_check, 1
organisms.txt, 1
organism=$organism_check, 1
log/merge_ccs.err, 1
log/merge_subread.err, 1
log/cluter.err, 1
log/polish.err, 1
log/gunzip.err, 1
log/gunzip2.err, 1
log/cluter_report.err, 1
log/sqanti.err, 1
log/sort.err, 1
log/collapsed.err, 1
log/fastq_tofasta2.err, 1
log/count.err, 1
log/filter.err, 1
log/fastq_tofasta3.err, 1
log/sqanti_r2.err, 1
log/sort2.err, 1
log/kallisto_index.err, 1
log/{wildcards.sample}_ccs.err, 1
log/{wildcards.sample}_cluter.err, 1
log/{wildcards.sample}_polish.err, 1
log/{wildcards.sample}_gunzip.err, 1
log/{wildcards.sample}_gunzip2.err, 1
log/{wildcards.sample}_cluter_report.err, 1
log/{wildcards.sample}_sqanti.err, 1
log/{wildcards.sample}_sort.err, 1
log/{wildcards.sample}_collapsed.err, 1
log/{wildcards.sample}_fastq_tofasta2.err, 1
log/{wildcards.sample}_count.err, 1
log/{wildcards.sample}_filter.err, 1
log/{wildcards.sample}_fastq_tofasta3.err, 1
log/{wildcards.sample}_sqanti_r2.err, 1
log/{wildcards.sample}_sort2.err, 1
log/{wildcards.sample}_sqanti_r2_filter.err, 1
family_interproscan={input.family_interproscan}, 1
interproscan_id={output.interproscan_id}, 1
${{interproscan_id}}, 1
./paircoil2, 1
log/{wildcards.sample}_link_bam.err, 1
log/{wildcards.sample}_link_bai.err, 1
log/{wildcards.sample}_link_loup.err, 1
log/{wildcards.sample}_link_summary.err, 1
log/{wildcards.sample}_link_count.err, 1
log/{wildcards.sample}_link_reanalysis_summary.err, 1
log/{wildcards.sample}_link_reanalysis_loup.err, 1
tsv-filter, 1
tsv-select, 1
nextstrain, 1
./bin/notify-on-deploy, 1
xz, 1
usearch, 1
centrifuge, 1
clipping_profile.py, 1
rgzip, 1
NUMBERBATCH_PATH=, 1
pjoin(IRTNN,, 1
get.seqs(accnos={input.accnos},, 1
get.seqs(accnos=current,, 1
get.dists(accnos=current,, 1
cluster(column={input.dist},, 1
cluster.fit(reflist={input.reflist},, 1
list.seqs(list={input.list}), 1
run-bwamem, 1
fname=${{R1%.R1.fastq}}, 1
R2=$fname.R2.fastq, 1
fname=${{bam%.bam}}, 1
sinto, 1
scripts/trim_bcs.sh, 1
R_LIBS=;, 1
run_busco, 1
qc/busco;, 1
Minimum, 1
samclip, 1
nreads=$(samtools, 1
rate=$(echo, 1
REFERENCE={input}, 1
ConvertToRefFlat, 1
SEQUENCE_DICTIONARY={input.seq_dict}, 1
FASTQ={input.fastq1}, 1
FASTQ2={input.fastq2}, 1
SAMPLE_NAME={wildcards.sample}, 1
DISCARD_READ=false, 1
TAG_NAME=XC, 1
DISCARD_READ=true, 1
TAG_NAME=XM, 1
FilterBAM, 1
TAG_REJECT=XQ, 1
TrimStartingSequence, 1
SEQUENCE={params.adapter_sequence}, 1
PolyATrimmer, 1
FASTQ={output}, 1
ALIGNED_BAM={input.aligned}, 1
UNMAPPED_BAM={input.unaligned}, 1
REFERENCE_SEQUENCE={input.reference}, 1
INCLUDE_SECONDARY_ALIGNMENTS=false, 1
PAIRED_RUN=false, 1
TagReadWithGeneExon, 1
TAG=GE, 1
BAMTagHistogram, 1
TAG=XC, 1
READ_QUALITY={params.read_quality}, 1
GatherMolecularBarcodeDistributionByGene, 1
NUM_CORE_BARCODES={params.ncells}, 1
EDIT_DISTANCE={params.edit_distance}, 1
READ_MQ={params.read_mq}, 1
MIN_BC_READ_THRESHOLD={params.min_umi_reads}, 1
RARE_UMI_FILTER_THRESHOLD={params.rare_umi_filter}, 1
shell:rm, 1
erp, 1
erp_properties, 1
dspm, 1
lcmv, 1
))), 1
obo_to_tab.pl, 1
print.pl, 1
PFAM_dat_parser.pl, 1
&2;, 1
hicup, 1
bam2pairs, 1
merge-pairs.sh, 1
hicFindTADs, 1
ILLUMINACLIP:{params.trim_dir}/adapters/TruSeq3-PE-2.fa:2:{params.minqual}:10:3:true, 1
config[PROJECT]+, 1
MAXINFO:{config[trimmomatic][MAXINFO]}, 1
config[DATABASE][name]+/+config[DATABASE][name], 1
p__, 1
c__, 1
o__, 1
f__, 1
g__, 1
s__, 1
column, 1
results/{wildcards.PROJECT}/runs/{wildcards.RUN}/05-dwca/, 1
anvi-gen-contigs-database, 1
anvi-profile, 1
anvi-merge, 1
anvi-import-collection, 1
anvi-interactive, 1
\t./scripts/trim_reads.sh, 1
salmon_results=os.path.join(RESULTS_FOLDER,, 1
out_folder, 1
filename=$(basename, 1
sample_name=${{filename/.fastq}}, 1
prepare_counts-rna.r, 1
prepare_counts.r, 1
find_imbalance-rna.r, 1
find_imbalance.r, 1
0)&&(F2R1[0:1], 1
9)&&($4, 1
9), 1
2)&&(F2R1[0:1], 1
2), 1
daa={output.daa}, 1
date), 1
vcf-consensus, 1
scripts_dir+/center_and_widen.py, 1
scripts_dir+/center_and_widen_bed.py, 1
meirlop, 1
$(awk, 1
scanMotifGenomeWide.pl, 1
scripts_dir+/fix_bed.bash, 1
scripts_dir+/statistics.py, 1
scripts_dir+/metrics.py, 1
scripts_dir+/prc.py, 1
tac, 1
TMP_DIR=./tmp, 1
log/ping12.err, 1
log/ping3.err, 1
overlap={config[cut_overlap]}, 1
chunk={config[cut_size]}, 1
bigchunk=$(echo, 1
smalloverlap=$(echo, 1
n_batch=$(ls, 1
error.txt, 1
dist=$(echo, 1
individuals=$(cat, 1
N0=$(, 1
coal_sizes=$(, 1
length(temp)+1;, 1
coal_sizes=${{coal_sizes%?}}, 1
coal_sizes=$N0,$coal_sizes, 1
coal_times=$(, 1
n=$(zcat, 1
n=$((2*$n)), 1
nsim={config[ldhot.nsim]}, 1
bammarkduplicates, 1
isONclust2, 1
basename, 1
humann, 1
pdftoppm, 1
ppx, 1
taxonomy:559292, 1
&format=fasta, 1
thermorawfileparser, 1
comet, 1
mokapot, 1
./medaka_polish.sh, 1
pgap.py, 1
gatk-framework, 1
./make-acc-taxid-mapping.py, 1
INPUT={input.bam_files}, 1
OUTPUT={output.sorted_bam_files}, 1
INPUT={input.sorted_bam_files}, 1
FASTQ={output.fq1}, 1
SECOND_END_FASTQ={output.fq2}, 1
file, 1
./{input.bigBedToBed}, 1
trimal, 1
shell:cat, 1
shell:scripts/pipeline2.0/MIPstats.py, 1
SNPsplit, 1
GENOME.GTF, 1
output/temp/cutadapt/logs/{params.pre}.cutadapt.log, 1
quast.py, 1
HRIBO/scripts/xtail_classic.R, 1
HRIBO/scripts/riborex.R, 1
HRIBO/scripts/prepare_deltate_input.py, 1
DTEG.R, 1
bowtie-build, 1
scripts/SrrMunch2.sh, 1
scripts/import-paired.sh, 1
scripts/join_pairs.sh, 1
scripts/derep.sh, 1
scripts/de-novo.sh, 1
scripts/q2_export.sh, 1
scripts/split_scATAC_bam_by_cluster.py, 1
01split_bam/{wildcards.sample}/{wildcards.sample}_{wildcards.cluster_id}.bam, 1
mtxs=, 1
mtxs+=, 1
csvs=, 1
csvs+=, 1
metaPlotR/annot_m6a.sorted.bed, 1
parallel-fastq-dump, 1
workflow/scripts/concat_fasta.py, 1
workflow/scripts/CDs_from_MetaEuk.py, 1
prank, 1
mpirun, 1
xargs);, 1
docker-compose, 1
SECONDS=0, 1
duration=$SECONDS, 1
d={NEO4J_IMPORTDIR}/{NODEDIR}/{params.meta_id}, 1
d={NEO4J_IMPORTDIR}/{RELDIR}/{params.meta_id}, 1
gene_list={input.path_gene_list}, 1
use_list={params[0]}, 1
alignment={params[1]}, 1
variantcalling={params[3]}, 1
SV={params[4]}, 1
MEI={params[5]}, 1
STR={params[6]}, 1
genotype={params[7]}, 1
expansion={params[8]}, 1
debug={params[9]}, 1
$MEI, 1
$STR, 1
$genotypeSTR, 1
$expansion, 1
format={params[1]}, 1
paired={params[0]}, 1
use_bed={params[1]}, 1
debug={params[3]}, 1
exome={params[0]}, 1
debug={params[4]}, 1
virus={params[0]}, 1
bacteria={params[1]}, 1
microbes={params[2]}, 1
$bacteria, 1
$microbes, 1
virus={params[0], 1
bacteria={params[0]}, 1
microbes={params[0]}, 1
$sequencing_report, 1
$calls_report, 1
MEI={params[0]}, 1
variantcalling={params[2]}, 1
STR={params[3]}, 1
genotype={params[4]}, 1
SV={params[5]}, 1
MEI={params[6]}, 1
alsgenescanner={params[1]}, 1
/tmp/gencodePA_tmp.fa, 1
/tmp/gencodeProtSeq.fa, 1
genePredToGtf, 1
ref/gencode_comp_ano_trim.tsv, 1
ref/polyAtlas_gencodechrom_hg38_sorted.bed, 1
ref/hg19_gencode_genome.fa, 1
crossmap, 1
bigWigToWig, 1
wig2bed, 1
snp_tmp/snps.bed, 1
snp_tmp/good_snps.bed, 1
ref/snps/hg38.snps.all.sorted.bed.gz, 1
id={wildcards.id}, 1
sample={wildcards.id}, 1
./util/gtf_genome_to_cdna_fasta.pl, 1
./util/gtf_to_alignment_gff3.pl, 1
./util/cdna_alignment_orf_to_genome_orf.pl, 1
transcripts.fasta.transdecoder.gff3, 1
../data/seqs/transdecoder_results/all_tissues.combined_transdecoderCDS.gff3, 1
agat_sp_add_start_and_stop.pl, 1
id={wildcards.sampleID}, 1
stem=${{gtf::-4}}, 1
fasta=${{stem}}.fa, 1
gdaldem, 1
f.properties.DESIG_ENG, 1
py.test, 1
qc2tsv, 1
croo, 1
preprocessed_{wildcards.run}_{wildcards.task};, 1
quit;;, 1
1000, 1
rsync://hgdownload.cse.ucsc.edu/goldenPath/{config[genome]}/chromosomes/, 1
tmp_sicer=$(mktemp, 1
$(pwd), 1
https://storage.googleapis.com/google-code-archive-downloads/v2/, 1
code.google.com/phantompeakqualtools/ccQualityControl.v.1.1.tar.gz, 1
awk:, 1
dcraw, 1
matlab, 1
addpath(genpath({params.matlabPyrTools_path}));, 1
freeman_windows({wildcards.scaling},, 1
GraphAligner, 1
NanoCaller, 1
tools/DeepVirFinder/dvf.py, 1
0.9, 1
0.01)print$1}}, 1
tools/select_seqs_by_IDs.py, 1
VIBRANT_run.py, 1
checkv, 1
tools/demovir.R, 1
scripts/gtdbtk-to-lineages-csv.py, 1
scripts/find-oddities.py, 1
scripts/find-oddities-examine.py, 1
metaphlan2.py, 1
gtf2bed12, 1
calculate-tin.py, 1
motevo, 1
http://hgdownload.soe.ucsc.edu/goldenPath/wuhCor1/UShER_SARS-CoV-2/, 1
matUtils, 1
bbmerge.sh, 1
ecctadpole=t, 1
prefilter=10, 1
loose=t, 1
outu={output.R1}, 1
clumpify.sh, 1
refstats={output.stats}, 1
maxindel={params.maxindel}, 1
minhits={params.minhits}, 1
local=t, 1
readlength.sh, 1
kaiju, 1
addTaxonNames, 1
gene_catalog/diamond/*.tsv, 1
get_SJs_from_gtf, 1
TranscriptClean, 1
talon_label_reads, 1
talon_initialize_database, 1
talon, 1
talon_filter_transcripts, 1
talon_abundance, 1
talon_create_GTF, 1
declare, 1
numb=$(awk, 1
${{line}});, 1
calc+=$((${{numb}}));, 1
words=$(echo, 1
avg_len=$((${{calc}}, 1
prepDE.py, 1
sqanti3_qc.py, 1
scripts/toconsensus.py, 1
spingo, 1
pistis, 1
fasta-splitter, 1
scripts/tolca.py, 1
queryf=$(basename, 1
alnf=$(basename, 1
processors={threads},, 1
OUTPUT_FILE=`readlink, 1
PHENOTYPE_FILE_CSV=`readlink, 1
PHENOTYPE_FILE_TSV=`echo, 1
gs://genetics-portal-raw/uk_biobank_sumstats/neale_v2/output/neale_v2_sumstats/*.neale2.gwas.imputed_v3.both_sexes.tsv.gz, 1
gs://{params.output_dir}/, 1
tools/map2ref.sh, 1
tools/parse_bwa-cov.py, 1
tools/parse_bwa-expcov.py, 1
tools/parse_bwa-counts.py, 1
BamClipOverlap, 1
config[canu_args], 1
genomeSize={wildcards.genome_size}, 1
useGrid={grid}, 1
opts, 1
merge_wrapper.py, 1
polya_database=--polya_db, 1
outfile=--outfileNamePrefix, 1
breakpoints=--breakpoints, 1
outfile=--outfileName, 1
featurecounts=--table, 1
samplesheet=--samplesheet, 1
annotation=--gtf, 1
dexseq=--dexseq.table, 1
width_min={params.width_min},, 1
options=, 1
ddrage, 1
./{input.rbt_bin}, 1
ALIGNED_COUNT=$(zcat, 1
UNALIGNED_COUNT=$(cat, 1
UNALIGNED_COUNT=$((, 1
csvtk, 1
fasterq-dump.2.11.0, 1
reads_2.fastq, 1
sketch.sh, 1
name0={wildcards.sample}, 1
comparesketch.sh, 1
format=3, 1
alltoall, 1
scripts/plot_sketch_comparison_heatmap.py, 1
scripts/plot_bbcountunique.py, 1
out1={output.read1}, 1
out2={output.read2}, 1
minlength={params.minlength}, 1
maxlength={params.maxlength}, 1
tossbrokenreads, 1
sample2markers.py, 1
extract_markers.py, 1
msigdb_v5.2_files_to_download_locally/msigdb_v5.2_GMTs/, 1
ipython3, 1
mri_convert, 1
dname=$(dirname, 1
https://raw.githubusercontent.com/yukiteruono/pbsim2/master/data/P6C4.model, 1
tmp={wildcards.read_length}, 1
source={wildcards.read_length}, 1
subsample_frac=${wildcards.coverage}, 1
sample={wildcards.genome_size}, 1
fname_cram=resources/experimental_data/SARS-CoV-2-2-strain-mix/$sample/$sample.cram, 1
fname_expected_variants=resources/experimental_data/SARS-CoV-2-2-strain-mix/$sample/$sample_expected_variants.csv, 1
fname_reference=resources/experimental_data/SARS-CoV-2-2-strain-mix/reference.fasta, 1
fname_insert_bed=resources/experimental_data/SARS-CoV-2-2-strain-mix/nCoV-2019.insert.bed, 1
flash, 1
tmp={wildcards.seq_mode_param}, 1
source=${{parts[0]}}, 1
subsample_frac=${{parts[1]}}, 1
89.6/, 1
89.6, 1
HXB2/, 1
HXB2, 1
JRCSF/, 1
JRCSF, 1
NL43/, 1
NL43, 1
YU2/, 1
YU2, 1
tmpfile={output.dname_work}/tmp.bam, 1
workflow/plantRNAconcat.pl, 1
vep_fp=`which, 1
vep_path=$(dirname, 1
vcf2maf.pl, 1
artic_vcf_merge, 1
artic_make_depth_mask, 1
artic_plot_amplicon_depth, 1
artic_mask, 1
artic_fasta_header, 1
ruanjue@gmail.com, 1
reads.fa, 1
prefix, 1
[reads.fa, 1
Long, 1
Prefix, 1
Number, 1
Presets,, 1
1G), 1
number, 1
Approximate, 1
depth, 1
5000, 1
k-mer, 1
p-homopolymer-compressed, 1
Subsampling, 1
rnaspades.py, 1
out1={output[0]}, 1
out2={output[1]}, 1
OD_bwa_index/{wildcards.sample}, 1
config[base_path]+kraken2_config[kraken2_path]+kraken2, 1
concat_input_reads.fq.gz, 1
humann2, 1
:, 1
f{{wildcards.rfile}}, 1
f{{wildcards.cell_line}}, 1
f{{wildcards.drug}}, 1
screen.seqs(fasta=current,, 1
predict.py, 1
SPECtre.py, 1
DataParser.py, 1
DeepRibo.py, 1
get_redun_hits, 1
results/Ref_seqs_1, 1
results/Ref_seqs_1/0_ref_seqs.csv, 1
results/Ref_seqs_1_auto_predictions.csv, 1
setup_fwd_srch, 1
run_fwd_srch, 1
sum_fwd_srch, 1
setup_rev_srch, 1
run_rev_srch, 1
sum_rev_srch, 1
interp_srchs, 1
plot, 1
images/example_workflow_diagram.png, 1
shapeit, 1
rfmix, 1
TAXON_INDICES=($(seq, 1
TAXON_LEVELS=(kingdom, 1
ZIP_FILES=$(echo, 1
FORWARD=$(echo, 1
REVERSE=$(echo, 1
SINGLE=$(echo, 1
models/smc_estimate_bootstrap_input/{params.population}_{params.distind}_rep, 1
models/smc_split_bootstrap_input/{params.pop_pair}_12.{params.distind1}_rep, 1
models/smc_split_bootstrap_input/{params.pop_pair}_21.{params.distind1}_rep, 1
out1={output.file1}, 1
out2={output.file2}, 1
gchist={output.gchist}, 1
reads=5, 1
alphasigni=({output.alphasigni}), 1
coroutput=({output.coroutput}), 1
column=({CONDITION}), 1
site=({output.site}), 1
leninput=${{#betainput[@]}}, 1
x=0, 1
$leninput;, 1
x=$leninput, 1
output=({output.pcoaoutput}), 1
conditions=({output.ancom}), 1
column=({params.column}), 1
outpairwisedist=({output.output_pairwise_distance}), 1
len=${{#betainput[@]}}, 1
alphadiv=({input.d4}), 1
output=({output.alphavolatility}), 1
len=${{#alphadiv[@]}}, 1
pcoaoutput=({output.pcoaoutput}), 1
heatmap=({HEATMAP}), 1
len=${{#heatmap[@]}}, 1
feature_heatmap=({output.feature_heatmap}), 1
important_feature_table_top=({output.important_feature_table_top}), 1
intersect.out, 1
subtract.out, 1
.format(METAXCAN_HASH), 1
gunzip), 1
tmp, 1
faToTwoBit, 1
computeGCBias, 1
initial_data_quality_cmd=fastqc, 1
HEADCROP:{config[trimmomatic][HEADCROP]}, 1
SLIDINGWINDOW:{config[trimmomatic][SLIDINGWINDOW]}, 1
AVGQUAL:{config[trimmomatic][AVGQUAL]}, 1
MINLEN:{config[trimmomatic][MINLEN]}, 1
CROP:{config[trimmomatic][CROP]}, 1
join_cmd=join_paired_ends.py, 1
join_quality_cmd=fastqc, 1
cluster_otus_cmd=pick_otus.py, 1
pick_representatives_cmd=pick_rep_set.py, 1
check_chimeric_seqs_cmd=parallel_identify_chimeric_seqs.py, 1
classify_cmd=parallel_assign_taxonomy_rdp.py, 1
make_otu_cmd=make_otu_table.py, 1
convert_otu_table_cmd=biom, 1
cut_expr=109-112,113-117,129,130,134, 1
cut_expr=94-102,113,114,116, 1
cols=$({{, 1
i=0, 1
let, 1
prefix=, 1
prefix=chr, 1
write-chunk(), 1
input=$1, 1
output=$TMPDIR/out.d/$(basename, 1
printf({wildcards.genome_build}t%st%dt%dt-1t%st%st[,, 1
x, 1
$i, 1
printf(,%s,, 1
printf(%s,, 1
printf(]\, 1
https://kircherlab.bihealth.org/download/CADD/v1.6/{wildcards.genome_build}/whole_genome_SNVs_inclAnno.tsv.gz, 1
https://kircherlab.bihealth.org/download/CADD/v1.6/{wildcards.genome_build}/whole_genome_SNVs_inclAnno.tsv.gz.tbi, 1
_out={output}, 1
out=$PWD/${{_out%.h2.db}}, 1
varfish-annotator, 1
varfish-server-background-db-{config[release_name]}-grch37, 1
varfish-server-background-db-{config[release_name]}-grch38, 1
chr=, 1
chr=chr, 1
https://storage.googleapis.com/gcp-public-data--gnomad/legacy/exac_browser/ExAC.r1.sites.vep.vcf.gz, 1
https://storage.googleapis.com/gcp-public-data--gnomad/legacy/exac_browser/ExAC.r1.sites.vep.vcf.gz.tbi, 1
https://storage.googleapis.com/gcp-public-data--gnomad/legacy/exacv1_downloads/release0.3.1/cnv/$(basename, 1
http://ftp.ebi.ac.uk/pub/databases/genenames/hgnc/tsv/hgnc_complete_set.txt, 1
http://ftp.ncbi.nlm.nih.gov/genomes/archive/old_refseq/H_sapiens/ARCHIVE/ANNOTATION_RELEASE.105/GFF/ref_GRCh37.p13_top_level.gff3.gz, 1
clinvar_tsv, 1
main, 1
BEGIN, 1
$3, 1
https://storage.googleapis.com/gcp-public-data--gnomad/release/2.1.1/liftover_grch38/vcf/exomes/gnomad.exomes.r2.1.1.sites.{wildcards.chrom}.liftover_grch38.vcf.bgz, 1
https://storage.googleapis.com/gcp-public-data--gnomad/release/2.1.1/liftover_grch38/vcf/exomes/gnomad.exomes.r2.1.1.sites.{wildcards.chrom}.liftover_grch38.vcf.bgz.tbi, 1
https://storage.googleapis.com/gcp-public-data--gnomad/release/3.1.1/vcf/genomes/gnomad.genomes.v3.1.1.sites.chr{wildcards.chrom}.vcf.bgz, 1
https://storage.googleapis.com/gcp-public-data--gnomad/release/3.1.1/vcf/genomes/gnomad.genomes.v3.1.1.sites.chr{wildcards.chrom}.vcf.bgz.tbi, 1
https://storage.googleapis.com/gcp-public-data--gnomad/release/2.1.1/constraint/gnomad.v2.1.1.lof_metrics.by_gene.txt.bgz, 1
1.0, 1
6.0, 1
inkscape, 1
data, 1
defaults, 1
[cohort], 1
nucmer, 1
trf, 1
svim, 1
scripts/Assemblytics, 1
syri, 1
sample_files_ins, 1
rsem-calculate-expression, 1
rename, 1
filename(s), 1
DIR, 1
If, 1
INT, 1
genome_folder, 1
mates1, 1
mates2, 1
singles, 1
}, 1
bismark2bedGraph, 1
sizes.genome, 1
LC_COLLATE=C, 1
[^, 1
hicstuff, 1
instagraal, 1
fq_lines=$(, 1
n_reads=$((fq_lines, 1
genome_len=$(, 1
fq={output}, 1
trim=${{fq%_[12].fastq.gz}}, 1
numLines=$(fastq-dump, 1
fname=${{trim}}_1.fastq, 1
ILLUMINACLIP:{params.adapter}:2:30:10, 1
\t-threads, 1
\t-{params.phred}, 1
\t{input.single}, 1
\t{output.single}, 1
\tILLUMINACLIP:{params.adapter}:2:30:10, 1
\t{params.trimmomatic_params}, 1
\t2, 1
rad_haplotyper.pl, 1
islandpath, 1
scripts/phispy/PhiSpy.py, 1
DownloadLog.txt, 1
DownloadLog1.txt, 1
Rlog.txt, 1
htsfile, 1
rgrep, 1
ILLUMINACLIP:{params.adapters}:2:30:10, 1
https://github.com/tseemann/shovill/issues/59, 1
shovill, 1
tblastn, 1
mashtree, 1
mlst, 1
30, 1
=45, 1
MQ, 1
=30, 1
FORMAT/DP, 1
=10, 1
=50, 1
ADR[0:1], 1
=1), 1
PolyAAnalysis.jl/scripts/annotate_polyA.jl, 1
CREATE_INDEX=false, 1
gmap_build, 1
gsnap, 1
I={input.sam}, 1
length(starts);, 1
varscan, 1
t0/0, 1
H={output.histo}, 1
REF_FLAT={input.annot}, 1
RIBOSOMAL_INTERVALS={input.ref_rrna}, 1
STRAND_SPECIFICITY=NONE, 1
CHART_OUTPUT={output.histo}, 1
comm, 1
INPUT=/dev/stdin, 1
METRICS_FILE={output.dupstats}, 1
ASSUME_SORT_ORDER=coordinate, 1
COMPRESSION_LEVEL=1, 1
QUIET=false, 1
size=$(stat, 1
342, 1
num_sig_variants_rep_A=$(grep, 1
f=$(basename, 1
dnadiff, 1
METRICS_FILE={output.metrics}, 1
SOAPnuke, 1
MAX_FILE_HANDLES_FOR_READ_ENDS_MAP=1000, 1
REMOVE_DUPLICATES=TRUE, 1
OUTPUT={output.L183a}, 1
METRICS_FILE={output.L183b}, 1
dos2unix, 1
1.bed, 1
2.bed, 1
3.bed, 1
4.bed, 1
frags.bed, 1
fragments.bed, 1
atropos, 1
{SCRIPTS}/vcf2phylip.py, 1
{SCRIPTS}/vcf2geno.py, 1
raxmlHPC-PTHREADS, 1
raxml-ng, 1
INDIR=$(dirname, 1
init, 1
LOAD_rnammer, 1
report, 1
rwc, 1
sizes.txt, 1
clustering/$i.txt;, 1
biopet-validatefastq, 1
